ISBN,Book-Title,Book-Author,Year-Of-Publication,Publisher,features
0195153448,Classical Mythology,Mark P. O. Morford,2002,Oxford University Press,"{'title': array([-4.75191444e-01,  1.21151075e-01, -3.65290672e-01, -3.57709706e-01,
       -1.31260723e-01, -1.29295543e-01, -3.75832655e-02,  1.31380782e-01,
       -1.28963560e-01, -7.57226348e-02,  1.19975097e-02, -3.39979641e-02,
       -2.52981395e-01,  2.46667601e-02, -1.24968626e-02,  2.82839566e-01,
       -2.61458576e-01,  1.35731518e-01, -1.27389789e-01,  6.38986975e-02,
       -2.81360466e-02, -1.55544311e-01, -4.44591697e-03,  3.58550847e-02,
        2.06919819e-01,  4.29114923e-02, -1.11407600e-02, -1.46844685e-02,
       -6.44762591e-02,  1.88729122e-01, -6.67288676e-02,  3.19800079e-02,
       -2.06506103e-01, -9.25052315e-02,  4.10879850e-01, -7.00939745e-02,
        9.98105407e-02, -1.99590832e-01,  8.26363340e-02,  2.50689507e-01,
        8.40096176e-02,  2.11122148e-02,  1.00818418e-01, -2.62180895e-01,
       -6.14389852e-02, -4.28627431e-02, -1.76582587e+00,  2.36312766e-02,
       -1.91252768e-01, -1.26694918e-01,  2.12960884e-01, -1.50495619e-01,
        2.50644267e-01, -4.43684161e-02,  2.35569969e-01,  2.12881699e-01,
       -4.66129243e-01,  1.22287303e-01,  6.82848617e-02, -2.92719841e-01,
        1.61696196e-01,  1.94022328e-01, -1.10253114e-02, -1.13016590e-01,
       -1.48407947e-02,  3.26661468e-02, -7.99395069e-02,  1.69754878e-01,
       -2.71746397e-01,  2.05373093e-01, -3.35610777e-01,  6.47065341e-02,
        1.77872814e-02,  2.20170468e-01, -1.94975302e-01, -2.20151886e-01,
        1.42973274e-01,  1.76614344e-01, -1.61281884e-01, -5.60129508e-02,
        1.37301117e-01,  1.36645421e-01,  9.26952362e-02,  1.83294341e-01,
       -5.68521693e-02,  2.52395093e-01, -1.98956594e-01, -1.82055384e-01,
        2.05456719e-01,  1.48356840e-01, -8.91017020e-02,  5.61960302e-02,
       -1.43814776e-02,  2.18280822e-01,  4.96112704e-01,  1.24209225e-02,
        2.44565606e-01,  2.09050104e-01, -3.13235559e-02,  8.67307782e-02,
       -8.67471099e-04,  2.37093776e-01,  3.96154642e-01, -3.86465192e-01,
        1.27436876e-01, -2.57012755e-01,  1.65735781e-01, -1.64537162e-01,
        4.68859896e-02, -1.37391925e+00,  2.06931978e-01,  1.62181333e-01,
       -1.20332204e-01, -1.82514518e-01,  1.85031161e-01,  1.29477367e-01,
        2.21225858e-01, -1.61681935e-01, -1.51050925e-01,  7.60773346e-02,
       -1.41385123e-02,  9.15019661e-02, -1.05376534e-01,  1.31283596e-01,
        2.31695250e-02,  3.59686278e-02, -3.21634635e-02, -2.35155001e-02,
       -1.74685493e-02,  1.64394468e-01,  2.28192970e-01,  2.92381197e-01,
       -2.94085592e-01, -4.08140182e-01, -2.53791153e-01,  3.73377383e-01,
        3.06595474e-01,  1.52525470e-01, -6.77024871e-02,  1.29740283e-01,
       -2.64894009e-01, -3.81391704e-01, -1.67302060e+00,  4.48749512e-02,
        3.96853834e-01, -1.92312017e-01,  5.28381467e-02,  2.02935025e-01,
       -5.50820716e-02,  2.97760926e-02,  2.61572391e-01, -3.18744257e-02,
       -1.00726433e-01,  9.99696627e-02, -6.37252629e-02, -8.32346529e-02,
        3.23283076e-02,  8.68462473e-02,  1.81518450e-01,  2.34321862e-01,
       -3.60259600e-02, -1.46603778e-01, -7.36610033e-03,  5.63561134e-02,
        1.77771628e-01, -8.54652375e-04,  3.70632768e-01,  1.27174363e-01,
        2.24563837e-01,  5.50873764e-03,  1.18411798e-03, -1.55198649e-01,
        2.81622201e-01, -1.26941949e-01,  3.85298818e-01,  2.26905763e-01,
        1.94859415e-01,  4.97490644e-01,  3.74490082e-01,  2.62609512e-01,
       -2.58285195e-01, -1.05967395e-01,  3.22461799e-02,  4.84438479e-01,
        1.29915223e-01, -2.89346222e-02, -1.25272170e-01,  5.39776534e-02,
        2.05996465e-02,  2.37519592e-01, -4.87082377e-02, -6.74857274e-02,
       -1.57190278e-01,  1.50873452e-01,  1.95924923e-01,  2.24892259e-01,
        1.25503419e-02, -3.45098861e-02, -1.01633452e-01,  9.06943306e-02,
       -9.70274508e-02,  2.80279350e-02, -1.30266249e-02,  1.95385963e-01,
       -6.85124099e-02,  1.71203256e+00, -3.90631929e-02, -3.93099785e-02,
        3.10190078e-02,  2.80654699e-01, -2.42594898e-01,  1.87961444e-01,
       -3.84179473e-01, -5.05537912e-02, -2.29471236e-01,  2.39977520e-02,
        6.60788864e-02,  1.74022809e-01, -2.09750205e-01, -2.73891717e-01,
        4.72461820e-01,  3.63286674e-01, -3.18609476e-02, -1.65822402e-01,
        2.10159600e-01,  4.01817024e-01,  3.81666154e-01,  2.48335525e-01,
        3.16773206e-02, -7.57903516e-01,  1.49932265e-01,  3.55256051e-02,
       -3.46339911e-01,  1.71334386e-01, -4.93466556e-02, -6.61019236e-02,
       -2.45059848e-01, -7.49255717e-02,  2.15632707e-01, -1.76988281e-02,
        1.81278050e-01, -4.31979112e-02,  2.34264761e-01,  6.25614077e-02,
       -1.28352754e-02, -1.70579210e-01,  1.33768588e-01, -1.17787942e-01,
        9.64003652e-02, -1.20300986e-01,  6.39351159e-02,  7.12747574e-02,
       -4.79688309e-03, -7.24153221e-02, -1.97508380e-01,  2.45690480e-01,
       -1.72737837e-01,  1.67230114e-01, -1.94949925e-01, -1.66978985e-02,
       -1.65887810e-02,  7.60773756e-03,  1.23000935e-01, -1.57545224e-01,
       -1.68136597e-01, -2.70123184e-01,  9.41540077e-02, -3.56758028e-01,
       -1.43757686e-01, -3.20243120e-01, -1.48405224e-01, -1.52435154e-01,
        2.32717283e-02, -1.62437201e+00, -1.53921142e-01, -9.97414812e-04,
        1.42333165e-01, -7.52865821e-02, -7.33090565e-03, -1.36702344e-01,
       -4.53370512e-02, -1.08990800e-02, -3.13847363e-01,  1.91297382e-04,
       -5.17676994e-02, -1.36000261e-01,  1.76438363e-03, -2.64625520e-01,
        9.10023898e-02,  2.13334933e-01,  6.04414660e-03,  6.22595921e-02,
        5.64253516e-02, -2.10263021e-02, -1.47292361e-01,  2.61260986e-01,
        5.96894175e-02,  1.19782224e-01, -1.25186574e-02, -2.21303880e-01,
       -4.60361391e-01,  9.72606540e-02,  2.08821148e-04,  2.40431413e-01,
       -1.38435960e-01,  9.30594504e-02,  2.97342967e-02, -9.49912742e-02,
       -9.03487921e-01, -1.61261056e-02,  1.62562370e-01, -2.39878625e-01,
        1.35910675e-01,  1.20121256e-01,  3.51136148e-01, -4.39486243e-02,
       -1.91421598e-01, -7.65037611e-02,  2.20293418e-01,  5.93781322e-02,
        1.93536520e-01,  1.62765890e-01,  4.22805250e-02,  1.87335014e-01,
        4.01790798e-01,  1.66755438e-01, -3.00686639e-02,  7.67720491e-02,
       -1.78431924e-02,  6.83189109e-02, -1.49057508e-01, -2.09626406e-01,
       -3.70588526e-02,  3.12843919e-01,  7.20270127e-02, -4.51190434e-02,
       -4.58854660e-02, -1.69638153e-02,  2.51638770e-01, -4.07942474e-01,
        2.71026511e-02, -4.54693176e-02, -2.08428204e-01, -2.84611452e-02,
       -1.00417495e-01,  2.19922319e-01,  2.09924862e-01,  2.24419683e-01,
       -1.60477370e-01,  4.59267557e-01,  2.06710592e-01, -1.86814681e-01,
        4.33939457e-01, -8.85373652e-02,  2.25018948e-01, -6.71676993e-02,
       -8.25802833e-02,  5.26207015e-02,  3.53756845e-02,  1.27677396e-01,
        5.91028571e-01, -1.89402491e-01,  4.72940579e-02, -9.93763357e-02,
        4.44022864e-01, -3.86146680e-02,  1.04742005e-01,  4.35636751e-02,
        5.50392866e-01, -1.73847705e-01,  1.54358804e-01, -1.65883690e-01,
        1.51378699e-02, -2.61644691e-01, -3.91820148e-02, -3.26394260e-01,
        8.90289918e-02,  5.95403872e-02, -2.73531169e-01,  2.25652069e-01,
       -1.28991276e-01, -3.37129563e-01, -1.37696147e-01, -1.51828408e-01,
       -9.88045782e-02, -1.36648007e-02, -1.73938647e-02, -2.26122998e-02,
       -7.40694478e-02,  2.02216998e-01, -1.40108019e-01,  1.87630132e-01,
       -3.06776129e-02,  1.05443113e-02, -2.38244265e-01,  1.20164566e-02,
       -4.97995138e-01, -3.95512767e-02, -5.34350239e-02,  1.89552754e-01,
       -1.86844438e-01,  2.80288607e-01, -2.20836625e-01,  6.08163811e-02,
        9.84350517e-02, -2.33082488e-01,  2.24122852e-01, -7.71047175e-02,
        4.43436168e-02, -1.44600764e-01,  2.14690611e-01, -1.41732186e-01,
       -3.84545065e-02,  8.12308304e-03, -3.39424223e-01, -3.41215618e-02,
       -3.81252244e-02, -9.36242752e-03,  1.93508461e-01, -3.25370252e-01,
        1.07067659e-01,  7.85864517e-02,  4.99463260e-01,  1.58718839e-01,
       -5.27706407e-02,  4.05078083e-02,  1.48769930e-01,  3.06112170e-01,
       -6.96352720e-02,  1.29428953e-01, -2.23223902e-02, -2.10965812e-01,
       -2.50079274e-01,  5.66926971e-02,  1.34140685e-01, -3.90069969e-02,
       -4.37925190e-01, -1.16231136e-01,  2.21534654e-01, -1.48523882e-01,
        1.59572363e-01, -1.30351678e-01, -4.41572517e-02, -4.44774330e-03,
       -1.44772127e-01, -1.24151036e-01,  1.38925612e-01,  2.88094699e-01,
        9.46283713e-02, -3.05555433e-01, -1.41797632e-01,  1.92149088e-01,
        4.76610214e-02,  1.56901196e-01,  1.65764809e-01, -7.14526027e-02,
        1.23251677e-01,  5.31184614e-01, -1.81958884e-01,  1.92362443e-02,
        1.91182643e-01, -2.34891564e-01,  3.19727093e-01, -1.30947694e-01,
       -1.74250692e-01, -3.64572778e-02, -1.71114609e-01, -2.58900635e-02,
        4.77519855e-02,  1.84653774e-01, -7.74845779e-01,  2.17474371e-01,
        4.26145852e-01,  2.67931998e-01,  6.63224235e-02, -1.13595061e-01,
       -2.26774350e-01,  2.93558463e-02, -4.30864021e-02,  8.62269402e-02,
       -3.12891781e-01, -1.04123890e-01, -1.23552620e-01,  5.83853945e-02,
        2.05543473e-01,  1.35144159e-01, -1.07160747e-01,  1.25962377e-01,
        8.18909854e-02,  5.62921353e-02, -6.24217130e-02,  1.82666555e-01,
        3.45613919e-02, -3.16958845e-01, -1.21564940e-01, -3.72995138e-01,
       -2.04150304e-01,  4.55669463e-01,  3.55214700e-02,  1.63344339e-01,
        1.68415830e-01, -1.17323644e-01, -3.84316146e-01,  4.95582372e-02,
        3.57356012e-01, -1.59653962e-01,  1.35643244e-01,  1.02529667e-01,
        3.70503575e-01,  2.17880309e-01,  8.41026008e-02,  4.68744099e-01,
       -3.17869484e-02, -2.09675267e-01,  2.08986849e-01, -2.02809989e-01,
       -1.48152888e-01,  6.14509024e-02, -6.24274313e-02,  5.93767799e-02,
        3.54153067e-02,  1.57092407e-01, -1.08515352e-01,  1.43341988e-01,
       -2.39924580e-01,  3.95992585e-02, -2.17138380e-01,  2.72208840e-01,
       -1.27484471e-01, -2.58320779e-01,  1.38497382e-01, -2.78320350e-02,
       -7.84977078e-02,  3.63893896e-01, -1.18868604e-01, -4.16987270e-01,
       -1.34672344e-01, -1.48036659e-01, -2.85511553e-01, -1.48703039e-01,
       -9.22348201e-02,  1.06910631e-01, -1.55190021e-01,  1.31781593e-01,
        5.19428551e-02,  9.82108861e-02, -2.37682648e-03,  1.95403799e-01,
        9.78533626e-02, -2.34281987e-01,  3.55121762e-01, -4.06131536e-01,
       -2.62691259e-01,  1.90971226e-01,  1.24909561e-02,  1.02185264e-01,
       -2.78521359e-01, -8.74669626e-02, -6.37397692e-02,  6.26319870e-02,
       -1.89739823e-01, -3.39224488e-01,  7.71490932e-02,  1.27991721e-01,
       -1.17944695e-01, -2.18193829e-01,  1.59888551e-01, -2.47274816e-01,
        1.71420798e-01, -1.21359333e-01, -9.82820615e-03, -1.12379596e-01,
        2.34212145e-01, -1.72687650e-01,  1.32865027e-01,  1.85351580e-01,
        5.13400018e-01, -9.58381407e-03, -3.26744199e-01, -1.78834334e-01,
       -4.15942967e-02, -1.22835428e-01, -8.28964412e-02,  3.04843895e-02,
        1.67541191e-01, -9.41492692e-02,  6.67129010e-02, -6.03981987e-02,
        9.47148204e-01,  2.42854655e-01,  1.67264029e-01,  5.97145110e-02,
        1.77092522e-01, -2.06999741e-02, -5.16477078e-02,  6.95523769e-02,
       -2.45054871e-01,  1.94464698e-01,  1.46718845e-01, -2.02335879e-01,
       -1.05789997e-01,  6.60319254e-02,  1.84382826e-01,  2.07837522e-01,
        9.36749801e-02, -6.24770939e-01, -1.98826432e-01,  3.28719497e-01,
        1.19088339e-02,  5.91417849e-02,  2.28379965e-01, -7.36300200e-02,
       -6.68614209e-02,  1.01562925e-02, -1.81488916e-01,  1.63196214e-02,
        1.22778684e-01,  1.44486092e-02, -1.06315680e-01, -1.34833828e-01,
        4.45135981e-01,  1.65281102e-01, -3.05729717e-01,  2.81036720e-02,
        7.76816308e-02, -1.50550947e-01,  1.33099198e-01,  6.96124136e-02,
       -1.11610420e-01,  4.81299534e-02,  2.51762331e-01, -1.19713061e-01,
       -5.45988083e-02,  2.49203518e-01, -2.67584562e-01, -4.53624576e-02,
        8.80143791e-02, -2.14228719e-01, -4.34599407e-02,  2.45698795e-01,
       -3.33433807e-01,  1.34637743e-01, -4.26875614e-02, -1.57920450e-01,
        2.19651833e-01, -2.07868785e-01, -4.81246859e-02,  4.51791380e-03,
       -6.27870411e-02,  3.61713916e-01,  1.67544276e-01, -6.20509312e-02,
       -3.29288580e-02,  6.84536248e-02, -4.29441780e-01,  1.72161907e-01,
        1.94205165e-01, -2.94511169e-01,  8.68395418e-02,  4.67426211e-01,
        7.85115212e-02, -7.92450905e-02,  4.59333323e-02,  3.03374618e-01,
        5.13259530e-01, -1.50547653e-01, -3.74721214e-02, -1.42963588e+00,
        2.38394767e-01,  2.32451379e-01,  2.39950195e-01, -1.28707206e-02,
        1.92850396e-01,  3.37354243e-01, -7.22080469e-02, -3.13773632e-01,
       -5.03436215e-02,  6.97883070e-02,  1.59447104e-01, -1.46298736e-01,
       -1.76537171e-01,  9.01009515e-02,  1.67017326e-01,  2.13467836e-01,
        1.88568860e-01, -2.08553135e-01, -1.57195970e-01,  1.43229946e-01,
       -1.84208751e-01, -4.86022800e-01, -2.66558170e-01, -3.16693485e-01,
        1.15111731e-01,  1.13130301e-01, -2.67337412e-01, -2.87793204e-02,
        2.67233364e-02, -1.64976254e-01,  1.98360726e-01,  3.62174600e-01,
        2.34252214e-01,  1.27100438e-01, -3.00568342e-01, -1.88985988e-01,
        9.22635719e-02, -9.76116024e-03,  6.42193258e-02, -3.67336035e-01,
        3.07552367e-01, -2.48245865e-01, -3.31743330e-01,  1.72420502e-01,
       -1.73647955e-01,  8.80107582e-02, -2.23716110e-01,  4.31590885e-01,
       -2.18893275e-01, -6.97821528e-02, -1.69635445e-01,  2.83997416e-01,
       -3.65276523e-02,  2.27944963e-02, -3.11284997e-02,  7.96861723e-02,
       -8.01584274e-02,  1.32296234e-01, -1.13077469e-01,  1.49189174e-01,
       -7.34250546e-02, -1.37983099e-01,  4.77234758e-02, -3.20504159e-02,
       -4.63737458e-01, -1.15457334e-01,  1.50862500e-01,  1.52155533e-01,
       -1.06709890e-01, -8.17412883e-02,  2.63037439e-02,  1.66620910e-01,
        1.30007714e-02,  1.62937447e-01, -3.38347070e-02,  1.59872293e-01,
        2.12387383e-01,  2.23110810e-01, -2.04690933e-01, -2.36782759e-01,
       -1.58133283e-01,  9.54693109e-02, -1.16007954e-01,  2.71430373e-01,
       -3.64543986e+00, -2.48725370e-01, -2.27635965e-01, -4.75169122e-02,
       -1.96992308e-01, -2.43235394e-01, -1.62536308e-01, -7.24434629e-02,
        8.05502385e-03, -2.13239849e-01, -3.66050042e-02,  2.05518436e-02,
       -1.91295445e-01, -6.74417764e-02,  2.10300475e-01,  3.32172275e-01],
      dtype=float32), 'author': array([-2.85114884e-01,  7.26906508e-02, -2.19174415e-01, -2.14625835e-01,
       -7.87564367e-02, -7.75773302e-02, -2.25499608e-02,  7.88284689e-02,
       -7.73781389e-02, -4.54335809e-02,  7.19850603e-03, -2.03987788e-02,
       -1.51788846e-01,  1.48000568e-02, -7.49811763e-03,  1.69703752e-01,
       -1.56875148e-01,  8.14389139e-02, -7.64338747e-02,  3.83392200e-02,
       -1.68816280e-02, -9.33265910e-02, -2.66755023e-03,  2.15130523e-02,
        1.24151893e-01,  2.57468969e-02, -6.68445649e-03, -8.81068129e-03,
       -3.86857577e-02,  1.13237478e-01, -4.00373228e-02,  1.91880055e-02,
       -1.23903669e-01, -5.55031411e-02,  2.46527925e-01, -4.20563854e-02,
        5.98863252e-02, -1.19754501e-01,  4.95818034e-02,  1.50413707e-01,
        5.04057743e-02,  1.26673291e-02,  6.04910515e-02, -1.57308549e-01,
       -3.68633941e-02, -2.57176477e-02, -1.05949557e+00,  1.41787669e-02,
       -1.14751667e-01, -7.60169551e-02,  1.27776533e-01, -9.02973711e-02,
        1.50386572e-01, -2.66210511e-02,  1.41341984e-01,  1.27729028e-01,
       -2.79677570e-01,  7.33723864e-02,  4.09709178e-02, -1.75631911e-01,
        9.70177203e-02,  1.16413400e-01, -6.61518704e-03, -6.78099543e-02,
       -8.90447758e-03,  1.95996892e-02, -4.79637049e-02,  1.01852931e-01,
       -1.63047850e-01,  1.23223864e-01, -2.01366469e-01,  3.88239212e-02,
        1.06723690e-02,  1.32102281e-01, -1.16985187e-01, -1.32091135e-01,
        8.57839659e-02,  1.05968609e-01, -9.67691317e-02, -3.36077735e-02,
        8.23806748e-02,  8.19872543e-02,  5.56171425e-02,  1.09976612e-01,
       -3.41113023e-02,  1.51437059e-01, -1.19373962e-01, -1.09233238e-01,
        1.23274036e-01,  8.90141055e-02, -5.34610227e-02,  3.37176211e-02,
       -8.62888712e-03,  1.30968496e-01,  2.97667623e-01,  7.45255360e-03,
        1.46739364e-01,  1.25430062e-01, -1.87941343e-02,  5.20384684e-02,
       -5.20482659e-04,  1.42256275e-01,  2.37692788e-01, -2.31879130e-01,
        7.64621273e-02, -1.54207662e-01,  9.94414762e-02, -9.87223014e-02,
        2.81315949e-02, -8.24351609e-01,  1.24159195e-01,  9.73088071e-02,
       -7.21993223e-02, -1.09508716e-01,  1.11018702e-01,  7.76864216e-02,
        1.32735521e-01, -9.70091671e-02, -9.06305611e-02,  4.56464030e-02,
       -8.48310813e-03,  5.49011827e-02, -6.32259250e-02,  7.87701607e-02,
        1.39017152e-02,  2.15811767e-02, -1.92980785e-02, -1.41093004e-02,
       -1.04811303e-02,  9.86366868e-02,  1.36915788e-01,  1.75428718e-01,
       -1.76451355e-01, -2.44884118e-01, -1.52274698e-01,  2.24026442e-01,
        1.83957294e-01,  9.15152878e-02, -4.06214930e-02,  7.78441727e-02,
       -1.58936411e-01, -2.28835031e-01, -1.00381243e+00,  2.69249715e-02,
        2.38112316e-01, -1.15387216e-01,  3.17028910e-02,  1.21761017e-01,
       -3.30492444e-02,  1.78656559e-02,  1.56943440e-01, -1.91246569e-02,
       -6.04358613e-02,  5.99818006e-02, -3.82351577e-02, -4.99407947e-02,
        1.93969849e-02,  5.21077514e-02,  1.08911075e-01,  1.40593126e-01,
       -2.16155760e-02, -8.79622698e-02, -4.41966020e-03,  3.38136703e-02,
        1.06662981e-01, -5.12791448e-04,  2.22379670e-01,  7.63046220e-02,
        1.34738311e-01,  3.30524263e-03,  7.10470835e-04, -9.31191891e-02,
        1.68973327e-01, -7.61651695e-02,  2.31179297e-01,  1.36143461e-01,
        1.16915651e-01,  2.98494399e-01,  2.24694058e-01,  1.57565713e-01,
       -1.54971123e-01, -6.35804385e-02,  1.93477087e-02,  2.90663093e-01,
        7.79491365e-02, -1.73607748e-02, -7.51633048e-02,  3.23865935e-02,
        1.23597886e-02,  1.42511755e-01, -2.92249434e-02, -4.04914394e-02,
       -9.43141729e-02,  9.05240774e-02,  1.17554955e-01,  1.34935364e-01,
        7.53020542e-03, -2.07059328e-02, -6.09800741e-02,  5.44166006e-02,
       -5.82164712e-02,  1.68167613e-02, -7.81597570e-03,  1.17231585e-01,
       -4.11074460e-02,  1.02721953e+00, -2.34379172e-02, -2.35859882e-02,
        1.86114050e-02,  1.68392822e-01, -1.45556942e-01,  1.12776868e-01,
       -2.30507687e-01, -3.03322766e-02, -1.37682751e-01,  1.43986521e-02,
        3.96473333e-02,  1.04413688e-01, -1.25850126e-01, -1.64335042e-01,
        2.83477098e-01,  2.17972010e-01, -1.91165693e-02, -9.94934440e-02,
        1.26095772e-01,  2.41090223e-01,  2.28999704e-01,  1.49001315e-01,
        1.90063938e-02, -4.54742134e-01,  8.99593607e-02,  2.13153642e-02,
       -2.07803950e-01,  1.02800637e-01, -2.96079945e-02, -3.96611542e-02,
       -1.47035912e-01, -4.49553430e-02,  1.29379630e-01, -1.06192976e-02,
        1.08766831e-01, -2.59187482e-02,  1.40558869e-01,  3.75368446e-02,
       -7.70116551e-03, -1.02347530e-01,  8.02611560e-02, -7.06727654e-02,
        5.78402206e-02, -7.21805915e-02,  3.83610725e-02,  4.27648574e-02,
       -2.87812995e-03, -4.34491932e-02, -1.18505031e-01,  1.47414297e-01,
       -1.03642710e-01,  1.00338072e-01, -1.16969958e-01, -1.00187398e-02,
       -9.95326880e-03,  4.56464291e-03,  7.38005638e-02, -9.45271403e-02,
       -1.00881964e-01, -1.62073910e-01,  5.64924069e-02, -2.14054823e-01,
       -8.62546116e-02, -1.92145884e-01, -8.90431404e-02, -9.14610922e-02,
        1.39630372e-02, -9.74623263e-01, -9.23526883e-02, -5.98448911e-04,
        8.53999034e-02, -4.51719500e-02, -4.39854339e-03, -8.20214078e-02,
       -2.72022318e-02, -6.53944816e-03, -1.88308433e-01,  1.14778435e-04,
       -3.10606211e-02, -8.16001594e-02,  1.05863018e-03, -1.58775315e-01,
        5.46014346e-02,  1.28000960e-01,  3.62648815e-03,  3.73557582e-02,
        3.38552110e-02, -1.26157822e-02, -8.83754194e-02,  1.56756595e-01,
        3.58136520e-02,  7.18693361e-02, -7.51119480e-03, -1.32782340e-01,
       -2.76216835e-01,  5.83563931e-02,  1.25292689e-04,  1.44258857e-01,
       -8.30615759e-02,  5.58356717e-02,  1.78405792e-02, -5.69947660e-02,
       -5.42092800e-01, -9.67566390e-03,  9.75374281e-02, -1.43927187e-01,
        8.15464109e-02,  7.20727593e-02,  2.10681692e-01, -2.63691749e-02,
       -1.14852965e-01, -4.59022596e-02,  1.32176057e-01,  3.56268808e-02,
        1.16121918e-01,  9.76595357e-02,  2.53683161e-02,  1.12401016e-01,
        2.41074488e-01,  1.00053266e-01, -1.80411991e-02,  4.60632294e-02,
       -1.07059162e-02,  4.09913473e-02, -8.94345045e-02, -1.25775844e-01,
       -2.22353116e-02,  1.87706366e-01,  4.32162099e-02, -2.70714276e-02,
       -2.75312811e-02, -1.01782894e-02,  1.50983274e-01, -2.44765490e-01,
        1.62615906e-02, -2.72815917e-02, -1.25056922e-01, -1.70766879e-02,
       -6.02504984e-02,  1.31953403e-01,  1.25954926e-01,  1.34651810e-01,
       -9.62864235e-02,  2.75560558e-01,  1.24026358e-01, -1.12088814e-01,
        2.60363698e-01, -5.31224199e-02,  1.35011375e-01, -4.03006226e-02,
       -4.95481715e-02,  3.15724239e-02,  2.12254114e-02,  7.66064376e-02,
        3.54617149e-01, -1.13641500e-01,  2.83764359e-02, -5.96258044e-02,
        2.66413718e-01, -2.31688023e-02,  6.28452078e-02,  2.61382069e-02,
        3.30235720e-01, -1.04308628e-01,  9.26152840e-02, -9.95302200e-02,
        9.08272248e-03, -1.56986818e-01, -2.35092100e-02, -1.95836559e-01,
        5.34173958e-02,  3.57242338e-02, -1.64118707e-01,  1.35391250e-01,
       -7.73947686e-02, -2.02277750e-01, -8.26176926e-02, -9.10970494e-02,
       -5.92827499e-02, -8.19888059e-03, -1.04363188e-02, -1.35673806e-02,
       -4.44416702e-02,  1.21330202e-01, -8.40648115e-02,  1.12578087e-01,
       -1.84065681e-02,  6.32658694e-03, -1.42946571e-01,  7.20987422e-03,
       -2.98797101e-01, -2.37307679e-02, -3.20610143e-02,  1.13731660e-01,
       -1.12106666e-01,  1.68173164e-01, -1.32501975e-01,  3.64898294e-02,
        5.90610318e-02, -1.39849499e-01,  1.34473711e-01, -4.62628305e-02,
        2.66061705e-02, -8.67604613e-02,  1.28814369e-01, -8.50393176e-02,
       -2.30727047e-02,  4.87384992e-03, -2.03654543e-01, -2.04729382e-02,
       -2.28751358e-02, -5.61745651e-03,  1.16105080e-01, -1.95222154e-01,
        6.42405972e-02,  4.71518748e-02,  2.99677968e-01,  9.52313095e-02,
       -3.16623859e-02,  2.43046861e-02,  8.92619640e-02,  1.83667302e-01,
       -4.17811647e-02,  7.76573718e-02, -1.33934347e-02, -1.26579493e-01,
       -1.50047570e-01,  3.40156183e-02,  8.04844126e-02, -2.34041996e-02,
       -2.62755126e-01, -6.97386861e-02,  1.32920802e-01, -8.91143307e-02,
        9.57434252e-02, -7.82110095e-02, -2.64943521e-02, -2.66864616e-03,
       -8.68632793e-02, -7.44906217e-02,  8.33553672e-02,  1.72856823e-01,
        5.67770265e-02, -1.83333263e-01, -8.50785822e-02,  1.15289457e-01,
        2.85966136e-02,  9.41407233e-02,  9.94588882e-02, -4.28715646e-02,
        7.39510059e-02,  3.18710774e-01, -1.09175332e-01,  1.15417466e-02,
        1.14709593e-01, -1.40934944e-01,  1.91836268e-01, -7.85686225e-02,
       -1.04550421e-01, -2.18743682e-02, -1.02668770e-01, -1.55340387e-02,
        2.86511928e-02,  1.10792272e-01, -4.64907497e-01,  1.30484626e-01,
        2.55687535e-01,  1.60759211e-01,  3.97934541e-02, -6.81570396e-02,
       -1.36064619e-01,  1.76135078e-02, -2.58518420e-02,  5.17361648e-02,
       -1.87735081e-01, -6.24743365e-02, -7.41315782e-02,  3.50312367e-02,
        1.23326086e-01,  8.10865015e-02, -6.42964542e-02,  7.55774304e-02,
        4.91345935e-02,  3.37752812e-02, -3.74530293e-02,  1.09599940e-01,
        2.07368359e-02, -1.90175310e-01, -7.29389638e-02, -2.23797098e-01,
       -1.22490190e-01,  2.73401678e-01,  2.13128831e-02,  9.80066061e-02,
        1.01049505e-01, -7.03941882e-02, -2.30589703e-01,  2.97349431e-02,
        2.14413613e-01, -9.57923830e-02,  8.13859478e-02,  6.15178011e-02,
        2.22302154e-01,  1.30728185e-01,  5.04615642e-02,  2.81246483e-01,
       -1.90721694e-02, -1.25805169e-01,  1.25392109e-01, -1.21685997e-01,
       -8.88917372e-02,  3.68705429e-02, -3.74564603e-02,  3.56260687e-02,
        2.12491844e-02,  9.42554474e-02, -6.51092157e-02,  8.60051960e-02,
       -1.43954754e-01,  2.37595569e-02, -1.30283028e-01,  1.63325310e-01,
       -7.64906853e-02, -1.54992476e-01,  8.30984339e-02, -1.66992210e-02,
       -4.70986255e-02,  2.18336344e-01, -7.13211671e-02, -2.50192374e-01,
       -8.08034092e-02, -8.88219997e-02, -1.71306938e-01, -8.92218277e-02,
       -5.53408936e-02,  6.41463846e-02, -9.31140184e-02,  7.90689588e-02,
        3.11657134e-02,  5.89265339e-02, -1.42609596e-03,  1.17242284e-01,
        5.87120205e-02, -1.40569195e-01,  2.13073060e-01, -2.43678927e-01,
       -1.57614768e-01,  1.14582740e-01,  7.49457395e-03,  6.13111593e-02,
       -1.67112827e-01, -5.24801798e-02, -3.82438637e-02,  3.75791937e-02,
       -1.13843895e-01, -2.03534707e-01,  4.62894589e-02,  7.67950341e-02,
       -7.07668215e-02, -1.30916297e-01,  9.59331319e-02, -1.48364902e-01,
        1.02852486e-01, -7.28156045e-02, -5.89692406e-03, -6.74277619e-02,
        1.40527293e-01, -1.03612594e-01,  7.97190219e-02,  1.11210950e-01,
        3.08040023e-01, -5.75028872e-03, -1.96046531e-01, -1.07300602e-01,
       -2.49565784e-02, -7.37012625e-02, -4.97378670e-02,  1.82906352e-02,
        1.00524716e-01, -5.64895645e-02,  4.00277413e-02, -3.62389199e-02,
        5.68288922e-01,  1.45712793e-01,  1.00358419e-01,  3.58287096e-02,
        1.06255516e-01, -1.24199847e-02, -3.09886262e-02,  4.17314284e-02,
       -1.47032931e-01,  1.16678827e-01,  8.80313069e-02, -1.21401533e-01,
       -6.34739995e-02,  3.96191552e-02,  1.10629700e-01,  1.24702521e-01,
        5.62049896e-02, -3.74862581e-01, -1.19295865e-01,  1.97231710e-01,
        7.14530051e-03,  3.54850739e-02,  1.37027979e-01, -4.41780128e-02,
       -4.01168540e-02,  6.09377585e-03, -1.08893357e-01,  9.79177281e-03,
        7.36672133e-02,  8.66916589e-03, -6.37894124e-02, -8.09002966e-02,
        2.67081589e-01,  9.91686657e-02, -1.83437839e-01,  1.68622043e-02,
        4.66089807e-02, -9.03305709e-02,  7.98595250e-02,  4.17674482e-02,
       -6.69662580e-02,  2.88779736e-02,  1.51057407e-01, -7.18278363e-02,
       -3.27592865e-02,  1.49522111e-01, -1.60550743e-01, -2.72174757e-02,
        5.28086312e-02, -1.28537238e-01, -2.60759648e-02,  1.47419289e-01,
       -2.00060293e-01,  8.07826519e-02, -2.56125387e-02, -9.47522745e-02,
        1.31791100e-01, -1.24721274e-01, -2.88748126e-02,  2.71074846e-03,
       -3.76722254e-02,  2.17028365e-01,  1.00526571e-01, -3.72305587e-02,
       -1.97573155e-02,  4.10721749e-02, -2.57665068e-01,  1.03297152e-01,
        1.16523102e-01, -1.76706702e-01,  5.21037281e-02,  2.80455738e-01,
        4.71069142e-02, -4.75470573e-02,  2.75600012e-02,  1.82024777e-01,
        3.07955742e-01, -9.03285965e-02, -2.24832743e-02, -8.57781589e-01,
        1.43036872e-01,  1.39470831e-01,  1.43970117e-01, -7.72243273e-03,
        1.15710244e-01,  2.02412561e-01, -4.33248281e-02, -1.88264191e-01,
       -3.02061737e-02,  4.18729857e-02,  9.56682637e-02, -8.77792463e-02,
       -1.05922304e-01,  5.40605746e-02,  1.00210398e-01,  1.28080711e-01,
        1.13141321e-01, -1.25131890e-01, -9.43175852e-02,  8.59379694e-02,
       -1.10525258e-01, -2.91613698e-01, -1.59934908e-01, -1.90016106e-01,
        6.90670386e-02,  6.78781867e-02, -1.60402447e-01, -1.72675923e-02,
        1.60340033e-02, -9.89857540e-02,  1.19016439e-01,  2.17304766e-01,
        1.40551329e-01,  7.62602687e-02, -1.80341005e-01, -1.13391601e-01,
        5.53581454e-02, -5.85669652e-03,  3.85315977e-02, -2.20401630e-01,
        1.84531420e-01, -1.48947522e-01, -1.99046001e-01,  1.03452303e-01,
       -1.04188778e-01,  5.28064556e-02, -1.34229675e-01,  2.58954555e-01,
       -1.31335974e-01, -4.18692939e-02, -1.01781271e-01,  1.70398459e-01,
       -2.19165925e-02,  1.36766983e-02, -1.86771005e-02,  4.78117056e-02,
       -4.80950586e-02,  7.93777406e-02, -6.78464845e-02,  8.95135105e-02,
       -4.40550335e-02, -8.27898607e-02,  2.86340863e-02, -1.92302503e-02,
       -2.78242499e-01, -6.92744032e-02,  9.05175060e-02,  9.12933201e-02,
       -6.40259385e-02, -4.90447767e-02,  1.57822464e-02,  9.99725536e-02,
        7.80046312e-03,  9.77624729e-02, -2.03008242e-02,  9.59233791e-02,
        1.27432436e-01,  1.33866489e-01, -1.22814566e-01, -1.42069668e-01,
       -9.48799774e-02,  5.72815873e-02, -6.96047768e-02,  1.62858233e-01,
       -2.18726397e+00, -1.49235234e-01, -1.36581585e-01, -2.85101477e-02,
       -1.18195392e-01, -1.45941243e-01, -9.75217894e-02, -4.34660800e-02,
        4.83301468e-03, -1.27943918e-01, -2.19630040e-02,  1.23311067e-02,
       -1.14777274e-01, -4.04650681e-02,  1.26180291e-01,  1.99303374e-01],
      dtype=float32), 'publish_year': array([-1.90076575e-01,  4.84604314e-02, -1.46116272e-01, -1.43083885e-01,
       -5.25042899e-02, -5.17182164e-02, -1.50333066e-02,  5.25523126e-02,
       -5.15854247e-02, -3.02890539e-02,  4.79900418e-03, -1.35991862e-02,
       -1.01192556e-01,  9.86670423e-03, -4.99874493e-03,  1.13135830e-01,
       -1.04583435e-01,  5.42926081e-02, -5.09559177e-02,  2.55594794e-02,
       -1.12544186e-02, -6.22177236e-02, -1.77836686e-03,  1.43420342e-02,
        8.27679262e-02,  1.71645973e-02, -4.45630401e-03, -5.87378768e-03,
       -2.57905032e-02,  7.54916519e-02, -2.66915467e-02,  1.27920033e-02,
       -8.26024413e-02, -3.70020941e-02,  1.64351940e-01, -2.80375909e-02,
        3.99242155e-02, -7.98363313e-02,  3.30545343e-02,  1.00275807e-01,
        3.36038470e-02,  8.44488572e-03,  4.03273664e-02, -1.04872361e-01,
       -2.45755948e-02, -1.71450973e-02, -7.06330359e-01,  9.45251063e-03,
       -7.65011087e-02, -5.06779663e-02,  8.51843581e-02, -6.01982474e-02,
        1.00257710e-01, -1.77473668e-02,  9.42279920e-02,  8.51526782e-02,
       -1.86451703e-01,  4.89149205e-02,  2.73139458e-02, -1.17087938e-01,
        6.46784827e-02,  7.76089355e-02, -4.41012485e-03, -4.52066362e-02,
       -5.93631808e-03,  1.30664585e-02, -3.19758020e-02,  6.79019541e-02,
       -1.08698562e-01,  8.21492374e-02, -1.34244308e-01,  2.58826148e-02,
        7.11491285e-03,  8.80681872e-02, -7.79901221e-02, -8.80607590e-02,
        5.71893118e-02,  7.06457421e-02, -6.45127520e-02, -2.24051811e-02,
        5.49204461e-02,  5.46581708e-02,  3.70780937e-02,  7.33177364e-02,
       -2.27408689e-02,  1.00958042e-01, -7.95826390e-02, -7.28221536e-02,
        8.21826905e-02,  5.93427382e-02, -3.56406830e-02,  2.24784128e-02,
       -5.75259095e-03,  8.73123333e-02,  1.98445082e-01,  4.96836891e-03,
        9.78262424e-02,  8.36200416e-02, -1.25294225e-02,  3.46923135e-02,
       -3.46988440e-04,  9.48375091e-02,  1.58461854e-01, -1.54586077e-01,
        5.09747528e-02, -1.02805100e-01,  6.62943125e-02, -6.58148676e-02,
        1.87543966e-02, -5.49567699e-01,  8.27727914e-02,  6.48725331e-02,
       -4.81328815e-02, -7.30058104e-02,  7.40124658e-02,  5.17909490e-02,
        8.84903446e-02, -6.46727756e-02, -6.04203716e-02,  3.04309335e-02,
       -5.65540511e-03,  3.66007872e-02, -4.21506129e-02,  5.25134392e-02,
        9.26780980e-03,  1.43874511e-02, -1.28653860e-02, -9.40620061e-03,
       -6.98741991e-03,  6.57577887e-02,  9.12771896e-02,  1.16952479e-01,
       -1.17634237e-01, -1.63256079e-01, -1.01516463e-01,  1.49350956e-01,
        1.22638188e-01,  6.10101894e-02, -2.70809960e-02,  5.18961139e-02,
       -1.05957605e-01, -1.52556688e-01, -6.69208229e-01,  1.79499816e-02,
        1.58741534e-01, -7.69248083e-02,  2.11352594e-02,  8.11740085e-02,
       -2.20328290e-02,  1.19104376e-02,  1.04628958e-01, -1.27497707e-02,
       -4.02905755e-02,  3.99878658e-02, -2.54901052e-02, -3.32938619e-02,
        1.29313236e-02,  3.47384997e-02,  7.26073831e-02,  9.37287435e-02,
       -1.44103840e-02, -5.86415119e-02, -2.94644013e-03,  2.25424450e-02,
        7.11086541e-02, -3.41860956e-04,  1.48253113e-01,  5.08697443e-02,
        8.98255333e-02,  2.20349501e-03,  4.73647204e-04, -6.20794594e-02,
        1.12648882e-01, -5.07767797e-02,  1.54119536e-01,  9.07623097e-02,
        7.79437646e-02,  1.98996261e-01,  1.49796039e-01,  1.05043806e-01,
       -1.03314079e-01, -4.23869602e-02,  1.28984721e-02,  1.93775401e-01,
        5.19660898e-02, -1.15738492e-02, -5.01088686e-02,  2.15910617e-02,
        8.23985878e-03,  9.50078368e-02, -1.94832962e-02, -2.69942917e-02,
       -6.28761128e-02,  6.03493825e-02,  7.83699676e-02,  8.99569020e-02,
        5.02013694e-03, -1.38039542e-02, -4.06533815e-02,  3.62777337e-02,
       -3.88109796e-02,  1.12111745e-02, -5.21065015e-03,  7.81543851e-02,
       -2.74049640e-02,  6.84813023e-01, -1.56252775e-02, -1.57239921e-02,
        1.24076037e-02,  1.12261884e-01, -9.70379636e-02,  7.51845762e-02,
       -1.53671786e-01, -2.02215165e-02, -9.17884931e-02,  9.59910080e-03,
        2.64315549e-02,  6.96091279e-02, -8.39000866e-02, -1.09556690e-01,
        1.88984737e-01,  1.45314679e-01, -1.27443792e-02, -6.63289651e-02,
        8.40638429e-02,  1.60726815e-01,  1.52666464e-01,  9.93342102e-02,
        1.26709286e-02, -3.03161412e-01,  5.99729083e-02,  1.42102418e-02,
       -1.38535962e-01,  6.85337558e-02, -1.97386630e-02, -2.64407694e-02,
       -9.80239436e-02, -2.99702287e-02,  8.62530842e-02, -7.07953144e-03,
        7.25112185e-02, -1.72791649e-02,  9.37059075e-02,  2.50245631e-02,
       -5.13411034e-03, -6.82316869e-02,  5.35074361e-02, -4.71151769e-02,
        3.85601483e-02, -4.81203943e-02,  2.55740471e-02,  2.85099037e-02,
       -1.91875326e-03, -2.89661288e-02, -7.90033564e-02,  9.82761905e-02,
       -6.90951347e-02,  6.68920502e-02, -7.79799744e-02, -6.67915959e-03,
       -6.63551269e-03,  3.04309512e-03,  4.92003746e-02, -6.30180910e-02,
       -6.72546402e-02, -1.08049273e-01,  3.76616046e-02, -1.42703220e-01,
       -5.75030744e-02, -1.28097251e-01, -5.93620911e-02, -6.09740615e-02,
        9.30869114e-03, -6.49748802e-01, -6.15684576e-02, -3.98965931e-04,
        5.69332652e-02, -3.01146340e-02, -2.93236226e-03, -5.46809398e-02,
       -1.81348212e-02, -4.35963226e-03, -1.25538945e-01,  7.65189543e-05,
       -2.07070801e-02, -5.44001050e-02,  7.05753453e-04, -1.05850212e-01,
        3.64009552e-02,  8.53339732e-02,  2.41765869e-03,  2.49038376e-02,
        2.25701407e-02, -8.41052085e-03, -5.89169450e-02,  1.04504399e-01,
        2.38757674e-02,  4.79128920e-02, -5.00746304e-03, -8.85215551e-02,
       -1.84144557e-01,  3.89042608e-02,  8.35284591e-05,  9.61725637e-02,
       -5.53743839e-02,  3.72237824e-02,  1.18937185e-02, -3.79965119e-02,
       -3.61395180e-01, -6.45044213e-03,  6.50249496e-02, -9.59514529e-02,
        5.43642715e-02,  4.80485037e-02,  1.40454456e-01, -1.75794493e-02,
       -7.65686408e-02, -3.06015052e-02,  8.81173685e-02,  2.37512533e-02,
        7.74146095e-02,  6.51063547e-02,  1.69122107e-02,  7.49340057e-02,
        1.60716325e-01,  6.67021796e-02, -1.20274657e-02,  3.07088196e-02,
       -7.13727716e-03,  2.73275655e-02, -5.96230030e-02, -8.38505626e-02,
       -1.48235410e-02,  1.25137568e-01,  2.88108047e-02, -1.80476177e-02,
       -1.83541868e-02, -6.78552641e-03,  1.00655511e-01, -1.63176998e-01,
        1.08410604e-02, -1.81877278e-02, -8.33712816e-02, -1.13844583e-02,
       -4.01670001e-02,  8.79689306e-02,  8.39699432e-02,  8.97678733e-02,
       -6.41909465e-02,  1.83707029e-01,  8.26842412e-02, -7.47258738e-02,
        1.73575789e-01, -3.54149453e-02,  9.00075808e-02, -2.68670805e-02,
       -3.30321155e-02,  2.10482813e-02,  1.41502740e-02,  5.10709584e-02,
        2.36411437e-01, -7.57609978e-02,  1.89176239e-02, -3.97505350e-02,
        1.77609146e-01, -1.54458676e-02,  4.18968014e-02,  1.74254701e-02,
        2.20157146e-01, -6.95390850e-02,  6.17435239e-02, -6.63534775e-02,
        6.05514785e-03, -1.04657881e-01, -1.56728067e-02, -1.30557701e-01,
        3.56115960e-02,  2.38161553e-02, -1.09412469e-01,  9.02608261e-02,
       -5.15965112e-02, -1.34851828e-01, -5.50784580e-02, -6.07313626e-02,
       -3.95218320e-02, -5.46592055e-03, -6.95754588e-03, -9.04492009e-03,
       -2.96277795e-02,  8.08868036e-02, -5.60432076e-02,  7.50520527e-02,
       -1.22710457e-02,  4.21772478e-03, -9.52977091e-02,  4.80658282e-03,
       -1.99198052e-01, -1.58205107e-02, -2.13740095e-02,  7.58211017e-02,
       -7.47377798e-02,  1.12115443e-01, -8.83346498e-02,  2.43265536e-02,
        3.93740200e-02, -9.32329968e-02,  8.96491408e-02, -3.08418870e-02,
        1.77374464e-02, -5.78403063e-02,  8.58762488e-02, -5.66928759e-02,
       -1.53818028e-02,  3.24923336e-03, -1.35769695e-01, -1.36486245e-02,
       -1.52500896e-02, -3.74497101e-03,  7.74033889e-02, -1.30148098e-01,
        4.28270660e-02,  3.14345807e-02,  1.99785307e-01,  6.34875372e-02,
       -2.11082567e-02,  1.62031241e-02,  5.95079735e-02,  1.22444868e-01,
       -2.78541092e-02,  5.17715812e-02, -8.92895646e-03, -8.43863264e-02,
       -1.00031711e-01,  2.26770788e-02,  5.36562763e-02, -1.56027991e-02,
       -1.75170079e-01, -4.64924537e-02,  8.86138603e-02, -5.94095550e-02,
        6.38289452e-02, -5.21406718e-02, -1.76629014e-02, -1.77909737e-03,
       -5.79088517e-02, -4.96604145e-02,  5.55702448e-02,  1.15237884e-01,
        3.78513485e-02, -1.22222178e-01, -5.67190535e-02,  7.68596381e-02,
        1.90644097e-02,  6.27604797e-02,  6.63059279e-02, -2.85810418e-02,
        4.93006706e-02,  2.12473854e-01, -7.27835521e-02,  7.69449770e-03,
        7.64730573e-02, -9.39566270e-02,  1.27890840e-01, -5.23790792e-02,
       -6.97002783e-02, -1.45829115e-02, -6.84458464e-02, -1.03560258e-02,
        1.91007946e-02,  7.38615096e-02, -3.09938312e-01,  8.69897529e-02,
        1.70458347e-01,  1.07172802e-01,  2.65289694e-02, -4.54380251e-02,
       -9.07097384e-02,  1.17423385e-02, -1.72345620e-02,  3.44907753e-02,
       -1.25156716e-01, -4.16495577e-02, -4.94210497e-02,  2.33541578e-02,
        8.22173879e-02,  5.40576652e-02, -4.28643003e-02,  5.03849499e-02,
        3.27563956e-02,  2.25168541e-02, -2.49686856e-02,  7.30666220e-02,
        1.38245570e-02, -1.26783535e-01, -4.86259758e-02, -1.49198055e-01,
       -8.16601217e-02,  1.82267785e-01,  1.42085878e-02,  6.53377399e-02,
        6.73663318e-02, -4.69294600e-02, -1.53726459e-01,  1.98232960e-02,
        1.42942414e-01, -6.38615862e-02,  5.42572998e-02,  4.10118662e-02,
        1.48201436e-01,  8.71521235e-02,  3.36410403e-02,  1.87497646e-01,
       -1.27147799e-02, -8.38701054e-02,  8.35947394e-02, -8.11240003e-02,
       -5.92611544e-02,  2.45803613e-02, -2.49709729e-02,  2.37507131e-02,
        1.41661232e-02,  6.28369674e-02, -4.34061401e-02,  5.73367961e-02,
       -9.59698334e-02,  1.58397034e-02, -8.68553519e-02,  1.08883537e-01,
       -5.09937890e-02, -1.03328310e-01,  5.53989522e-02, -1.11328140e-02,
       -3.13990824e-02,  1.45557567e-01, -4.75474410e-02, -1.66794911e-01,
       -5.38689382e-02, -5.92146628e-02, -1.14204623e-01, -5.94812147e-02,
       -3.68939303e-02,  4.27642539e-02, -6.20760098e-02,  5.27126379e-02,
        2.07771417e-02,  3.92843559e-02, -9.50730580e-04,  7.81615227e-02,
        3.91413458e-02, -9.37127993e-02,  1.42048702e-01, -1.62452623e-01,
       -1.05076507e-01,  7.63884932e-02,  4.99638263e-03,  4.08741049e-02,
       -1.11408547e-01, -3.49867865e-02, -2.54959073e-02,  2.50527952e-02,
       -7.58959278e-02, -1.35689795e-01,  3.08596380e-02,  5.11966906e-02,
       -4.71778773e-02, -8.72775316e-02,  6.39554188e-02, -9.89099294e-02,
        6.85683191e-02, -4.85437326e-02, -3.93128255e-03, -4.49518375e-02,
        9.36848596e-02, -6.90750629e-02,  5.31460121e-02,  7.41406307e-02,
        2.05360010e-01, -3.83352558e-03, -1.30697682e-01, -7.15337321e-02,
       -1.66377183e-02, -4.91341725e-02, -3.31585780e-02,  1.21937562e-02,
        6.70164749e-02, -3.76597084e-02,  2.66851615e-02, -2.41592806e-02,
        3.78859282e-01,  9.71418619e-02,  6.69056103e-02,  2.38858052e-02,
        7.08370134e-02, -8.27998947e-03, -2.06590835e-02,  2.78209504e-02,
       -9.80219468e-02,  7.77858794e-02,  5.86875379e-02, -8.09343532e-02,
       -4.23160009e-02,  2.64127702e-02,  7.37531334e-02,  8.31350088e-02,
        3.74699943e-02, -2.49908373e-01, -7.95305744e-02,  1.31487802e-01,
        4.76353383e-03,  2.36567147e-02,  9.13519859e-02, -2.94520091e-02,
       -2.67445687e-02,  4.06251708e-03, -7.25955665e-02,  6.52784854e-03,
        4.91114743e-02,  5.77944377e-03, -4.25262712e-02, -5.39335310e-02,
        1.78054392e-01,  6.61124438e-02, -1.22291885e-01,  1.12414686e-02,
        3.10726520e-02, -6.02203794e-02,  5.32396808e-02,  2.78449655e-02,
       -4.46441695e-02,  1.92519818e-02,  1.00704931e-01, -4.78852242e-02,
       -2.18395237e-02,  9.96814072e-02, -1.07033826e-01, -1.81449838e-02,
        3.52057517e-02, -8.56914893e-02, -1.73839759e-02,  9.82795209e-02,
       -1.33373529e-01,  5.38550988e-02, -1.70750245e-02, -6.31681830e-02,
        8.78607333e-02, -8.31475183e-02, -1.92498751e-02,  1.80716556e-03,
       -2.51148175e-02,  1.44685566e-01,  6.70177117e-02, -2.48203725e-02,
       -1.31715434e-02,  2.73814499e-02, -1.71776712e-01,  6.88647628e-02,
        7.76820704e-02, -1.17804468e-01,  3.47358175e-02,  1.86970487e-01,
        3.14046107e-02, -3.16980369e-02,  1.83733329e-02,  1.21349849e-01,
        2.05303818e-01, -6.02190606e-02, -1.49888489e-02, -5.71854353e-01,
        9.53579098e-02,  9.29805562e-02,  9.59800780e-02, -5.14828833e-03,
        7.71401599e-02,  1.34941697e-01, -2.88832188e-02, -1.25509456e-01,
       -2.01374497e-02,  2.79153232e-02,  6.37788400e-02, -5.85194938e-02,
       -7.06148669e-02,  3.60403806e-02,  6.68069348e-02,  8.53871331e-02,
        7.54275471e-02, -8.34212527e-02, -6.28783926e-02,  5.72919808e-02,
       -7.36835003e-02, -1.94409117e-01, -1.06623270e-01, -1.26677394e-01,
        4.60446924e-02,  4.52521220e-02, -1.06934965e-01, -1.15117282e-02,
        1.06893349e-02, -6.59905002e-02,  7.93442950e-02,  1.44869849e-01,
        9.37008858e-02,  5.08401766e-02, -1.20227337e-01, -7.55943954e-02,
        3.69054303e-02, -3.90446419e-03,  2.56877299e-02, -1.46934420e-01,
        1.23020947e-01, -9.92983505e-02, -1.32697329e-01,  6.89681992e-02,
       -6.94591850e-02,  3.52043025e-02, -8.94864425e-02,  1.72636360e-01,
       -8.75573084e-02, -2.79128607e-02, -6.78541809e-02,  1.13598965e-01,
       -1.46110607e-02,  9.11779888e-03, -1.24514000e-02,  3.18744704e-02,
       -3.20633724e-02,  5.29184937e-02, -4.52309884e-02,  5.96756712e-02,
       -2.93700229e-02, -5.51932417e-02,  1.90893915e-02, -1.28201665e-02,
       -1.85494989e-01, -4.61829342e-02,  6.03450015e-02,  6.08622134e-02,
       -4.26839553e-02, -3.26965153e-02,  1.05214976e-02,  6.66483641e-02,
        5.20030875e-03,  6.51749820e-02, -1.35338828e-02,  6.39489219e-02,
        8.49549547e-02,  8.92443284e-02, -8.18763748e-02, -9.47131068e-02,
       -6.32533133e-02,  3.81877236e-02, -4.64031808e-02,  1.08572148e-01,
       -1.45817602e+00, -9.94901508e-02, -9.10543874e-02, -1.90067645e-02,
       -7.87969232e-02, -9.72941592e-02, -6.50145262e-02, -2.89773848e-02,
        3.22200963e-03, -8.52959380e-02, -1.46420021e-02,  8.22073780e-03,
       -7.65181780e-02, -2.69767102e-02,  8.41201916e-02,  1.32868916e-01],
      dtype=float32), 'publisher': array([-9.50382873e-02,  2.42302157e-02, -7.30581358e-02, -7.15419427e-02,
       -2.62521449e-02, -2.58591082e-02, -7.51665328e-03,  2.62761563e-02,
       -2.57927123e-02, -1.51445270e-02,  2.39950209e-03, -6.79959310e-03,
       -5.05962782e-02,  4.93335212e-03, -2.49937247e-03,  5.65679148e-02,
       -5.22917174e-02,  2.71463040e-02, -2.54779588e-02,  1.27797397e-02,
       -5.62720932e-03, -3.11088618e-02, -8.89183430e-04,  7.17101712e-03,
        4.13839631e-02,  8.58229864e-03, -2.22815201e-03, -2.93689384e-03,
       -1.28952516e-02,  3.77458259e-02, -1.33457733e-02,  6.39600167e-03,
       -4.13012207e-02, -1.85010470e-02,  8.21759701e-02, -1.40187955e-02,
        1.99621078e-02, -3.99181657e-02,  1.65272672e-02,  5.01379035e-02,
        1.68019235e-02,  4.22244286e-03,  2.01636832e-02, -5.24361804e-02,
       -1.22877974e-02, -8.57254863e-03, -3.53165179e-01,  4.72625531e-03,
       -3.82505544e-02, -2.53389832e-02,  4.25921790e-02, -3.00991237e-02,
        5.01288548e-02, -8.87368340e-03,  4.71139960e-02,  4.25763391e-02,
       -9.32258517e-02,  2.44574603e-02,  1.36569729e-02, -5.85439689e-02,
        3.23392414e-02,  3.88044678e-02, -2.20506242e-03, -2.26033181e-02,
       -2.96815904e-03,  6.53322926e-03, -1.59879010e-02,  3.39509770e-02,
       -5.43492809e-02,  4.10746187e-02, -6.71221539e-02,  1.29413074e-02,
        3.55745642e-03,  4.40340936e-02, -3.89950611e-02, -4.40303795e-02,
        2.85946559e-02,  3.53228711e-02, -3.22563760e-02, -1.12025905e-02,
        2.74602231e-02,  2.73290854e-02,  1.85390469e-02,  3.66588682e-02,
       -1.13704344e-02,  5.04790209e-02, -3.97913195e-02, -3.64110768e-02,
        4.10913453e-02,  2.96713691e-02, -1.78203415e-02,  1.12392064e-02,
       -2.87629548e-03,  4.36561666e-02,  9.92225409e-02,  2.48418446e-03,
        4.89131212e-02,  4.18100208e-02, -6.26471126e-03,  1.73461568e-02,
       -1.73494220e-04,  4.74187545e-02,  7.92309269e-02, -7.72930384e-02,
        2.54873764e-02, -5.14025502e-02,  3.31471562e-02, -3.29074338e-02,
        9.37719829e-03, -2.74783850e-01,  4.13863957e-02,  3.24362665e-02,
       -2.40664408e-02, -3.65029052e-02,  3.70062329e-02,  2.58954745e-02,
        4.42451723e-02, -3.23363878e-02, -3.02101858e-02,  1.52154667e-02,
       -2.82770256e-03,  1.83003936e-02, -2.10753065e-02,  2.62567196e-02,
        4.63390490e-03,  7.19372556e-03, -6.43269299e-03, -4.70310031e-03,
       -3.49370996e-03,  3.28788944e-02,  4.56385948e-02,  5.84762394e-02,
       -5.88171184e-02, -8.16280395e-02, -5.07582314e-02,  7.46754780e-02,
        6.13190942e-02,  3.05050947e-02, -1.35404980e-02,  2.59480570e-02,
       -5.29788025e-02, -7.62783438e-02, -3.34604114e-01,  8.97499081e-03,
        7.93707669e-02, -3.84624042e-02,  1.05676297e-02,  4.05870043e-02,
       -1.10164145e-02,  5.95521880e-03,  5.23144789e-02, -6.37488533e-03,
       -2.01452877e-02,  1.99939329e-02, -1.27450526e-02, -1.66469309e-02,
        6.46566181e-03,  1.73692498e-02,  3.63036916e-02,  4.68643717e-02,
       -7.20519200e-03, -2.93207560e-02, -1.47322007e-03,  1.12712225e-02,
        3.55543271e-02, -1.70930478e-04,  7.41265565e-02,  2.54348721e-02,
        4.49127667e-02,  1.10174750e-03,  2.36823602e-04, -3.10397297e-02,
        5.63244410e-02, -2.53883898e-02,  7.70597681e-02,  4.53811549e-02,
        3.89718823e-02,  9.94981304e-02,  7.48980194e-02,  5.25219031e-02,
       -5.16570397e-02, -2.11934801e-02,  6.44923607e-03,  9.68877003e-02,
        2.59830449e-02, -5.78692462e-03, -2.50544343e-02,  1.07955309e-02,
        4.11992939e-03,  4.75039184e-02, -9.74164810e-03, -1.34971458e-02,
       -3.14380564e-02,  3.01746912e-02,  3.91849838e-02,  4.49784510e-02,
        2.51006847e-03, -6.90197712e-03, -2.03266907e-02,  1.81388669e-02,
       -1.94054898e-02,  5.60558727e-03, -2.60532508e-03,  3.90771925e-02,
       -1.37024820e-02,  3.42406511e-01, -7.81263877e-03, -7.86199607e-03,
        6.20380184e-03,  5.61309420e-02, -4.85189818e-02,  3.75922881e-02,
       -7.68358931e-02, -1.01107582e-02, -4.58942465e-02,  4.79955040e-03,
        1.32157775e-02,  3.48045640e-02, -4.19500433e-02, -5.47783449e-02,
        9.44923684e-02,  7.26573393e-02, -6.37218961e-03, -3.31644826e-02,
        4.20319214e-02,  8.03634077e-02,  7.63332322e-02,  4.96671051e-02,
        6.33546431e-03, -1.51580706e-01,  2.99864542e-02,  7.10512092e-03,
       -6.92679808e-02,  3.42668779e-02, -9.86933149e-03, -1.32203847e-02,
       -4.90119718e-02, -1.49851143e-02,  4.31265421e-02, -3.53976572e-03,
        3.62556092e-02, -8.63958243e-03,  4.68529537e-02,  1.25122815e-02,
       -2.56705517e-03, -3.41158435e-02,  2.67537180e-02, -2.35575885e-02,
        1.92800742e-02, -2.40601972e-02,  1.27870236e-02,  1.42549518e-02,
       -9.59376630e-04, -1.44830644e-02, -3.95016782e-02,  4.91380952e-02,
       -3.45475674e-02,  3.34460251e-02, -3.89899872e-02, -3.33957979e-03,
       -3.31775635e-03,  1.52154756e-03,  2.46001873e-02, -3.15090455e-02,
       -3.36273201e-02, -5.40246367e-02,  1.88308023e-02, -7.13516101e-02,
       -2.87515372e-02, -6.40486255e-02, -2.96810456e-02, -3.04870307e-02,
        4.65434557e-03, -3.24874401e-01, -3.07842288e-02, -1.99482965e-04,
        2.84666326e-02, -1.50573170e-02, -1.46618113e-03, -2.73404699e-02,
       -9.06741060e-03, -2.17981613e-03, -6.27694726e-02,  3.82594772e-05,
       -1.03535401e-02, -2.72000525e-02,  3.52876727e-04, -5.29251061e-02,
        1.82004776e-02,  4.26669866e-02,  1.20882934e-03,  1.24519188e-02,
        1.12850703e-02, -4.20526043e-03, -2.94584725e-02,  5.22521995e-02,
        1.19378837e-02,  2.39564460e-02, -2.50373152e-03, -4.42607775e-02,
       -9.20722783e-02,  1.94521304e-02,  4.17642295e-05,  4.80862819e-02,
       -2.76871920e-02,  1.86118912e-02,  5.94685925e-03, -1.89982560e-02,
       -1.80697590e-01, -3.22522107e-03,  3.25124748e-02, -4.79757264e-02,
        2.71821357e-02,  2.40242518e-02,  7.02272281e-02, -8.78972467e-03,
       -3.82843204e-02, -1.53007526e-02,  4.40586843e-02,  1.18756266e-02,
        3.87073047e-02,  3.25531773e-02,  8.45610537e-03,  3.74670029e-02,
        8.03581625e-02,  3.33510898e-02, -6.01373287e-03,  1.53544098e-02,
       -3.56863858e-03,  1.36637827e-02, -2.98115015e-02, -4.19252813e-02,
       -7.41177052e-03,  6.25687838e-02,  1.44054024e-02, -9.02380887e-03,
       -9.17709339e-03, -3.39276320e-03,  5.03277555e-02, -8.15884992e-02,
        5.42053021e-03, -9.09386389e-03, -4.16856408e-02, -5.69222914e-03,
       -2.00835001e-02,  4.39844653e-02,  4.19849716e-02,  4.48839366e-02,
       -3.20954733e-02,  9.18535143e-02,  4.13421206e-02, -3.73629369e-02,
        8.67878944e-02, -1.77074727e-02,  4.50037904e-02, -1.34335402e-02,
       -1.65160578e-02,  1.05241407e-02,  7.07513699e-03,  2.55354792e-02,
        1.18205719e-01, -3.78804989e-02,  9.45881195e-03, -1.98752675e-02,
        8.88045728e-02, -7.72293378e-03,  2.09484007e-02,  8.71273503e-03,
        1.10078573e-01, -3.47695425e-02,  3.08717620e-02, -3.31767388e-02,
        3.02757393e-03, -5.23289405e-02, -7.83640333e-03, -6.52788505e-02,
        1.78057980e-02,  1.19080776e-02, -5.47062345e-02,  4.51304130e-02,
       -2.57982556e-02, -6.74259141e-02, -2.75392290e-02, -3.03656813e-02,
       -1.97609160e-02, -2.73296027e-03, -3.47877294e-03, -4.52246005e-03,
       -1.48138897e-02,  4.04434018e-02, -2.80216038e-02,  3.75260264e-02,
       -6.13552285e-03,  2.10886239e-03, -4.76488546e-02,  2.40329141e-03,
       -9.95990261e-02, -7.91025534e-03, -1.06870048e-02,  3.79105508e-02,
       -3.73688899e-02,  5.60577214e-02, -4.41673249e-02,  1.21632768e-02,
        1.96870100e-02, -4.66164984e-02,  4.48245704e-02, -1.54209435e-02,
        8.86872318e-03, -2.89201532e-02,  4.29381244e-02, -2.83464380e-02,
       -7.69090140e-03,  1.62461668e-03, -6.78848475e-02, -6.82431227e-03,
       -7.62504479e-03, -1.87248550e-03,  3.87016945e-02, -6.50740489e-02,
        2.14135330e-02,  1.57172903e-02,  9.98926535e-02,  3.17437686e-02,
       -1.05541283e-02,  8.10156204e-03,  2.97539867e-02,  6.12224340e-02,
       -1.39270546e-02,  2.58857906e-02, -4.46447823e-03, -4.21931632e-02,
       -5.00158556e-02,  1.13385394e-02,  2.68281382e-02, -7.80139957e-03,
       -8.75850394e-02, -2.32462268e-02,  4.43069302e-02, -2.97047775e-02,
        3.19144726e-02, -2.60703359e-02, -8.83145072e-03, -8.89548683e-04,
       -2.89544258e-02, -2.48302072e-02,  2.77851224e-02,  5.76189421e-02,
        1.89256743e-02, -6.11110888e-02, -2.83595268e-02,  3.84298190e-02,
        9.53220483e-03,  3.13802399e-02,  3.31529640e-02, -1.42905209e-02,
        2.46503353e-02,  1.06236927e-01, -3.63917761e-02,  3.84724885e-03,
        3.82365286e-02, -4.69783135e-02,  6.39454201e-02, -2.61895396e-02,
       -3.48501392e-02, -7.29145575e-03, -3.42229232e-02, -5.17801289e-03,
        9.55039728e-03,  3.69307548e-02, -1.54969156e-01,  4.34948765e-02,
        8.52291733e-02,  5.35864010e-02,  1.32644847e-02, -2.27190126e-02,
       -4.53548692e-02,  5.87116927e-03, -8.61728098e-03,  1.72453877e-02,
       -6.25783578e-02, -2.08247788e-02, -2.47105248e-02,  1.16770789e-02,
        4.11086939e-02,  2.70288326e-02, -2.14321502e-02,  2.51924749e-02,
        1.63781978e-02,  1.12584271e-02, -1.24843428e-02,  3.65333110e-02,
        6.91227848e-03, -6.33917674e-02, -2.43129879e-02, -7.45990276e-02,
       -4.08300608e-02,  9.11338925e-02,  7.10429391e-03,  3.26688699e-02,
        3.36831659e-02, -2.34647300e-02, -7.68632293e-02,  9.91164800e-03,
        7.14712068e-02, -3.19307931e-02,  2.71286499e-02,  2.05059331e-02,
        7.41007179e-02,  4.35760617e-02,  1.68205202e-02,  9.37488228e-02,
       -6.35738997e-03, -4.19350527e-02,  4.17973697e-02, -4.05620001e-02,
       -2.96305772e-02,  1.22901807e-02, -1.24854865e-02,  1.18753565e-02,
        7.08306162e-03,  3.14184837e-02, -2.17030700e-02,  2.86683980e-02,
       -4.79849167e-02,  7.91985169e-03, -4.34276760e-02,  5.44417687e-02,
       -2.54968945e-02, -5.16641550e-02,  2.76994761e-02, -5.56640700e-03,
       -1.56995412e-02,  7.27787837e-02, -2.37737205e-02, -8.33974555e-02,
       -2.69344691e-02, -2.96073314e-02, -5.71023114e-02, -2.97406074e-02,
       -1.84469651e-02,  2.13821270e-02, -3.10380049e-02,  2.63563190e-02,
        1.03885708e-02,  1.96421780e-02, -4.75365290e-04,  3.90807614e-02,
        1.95706729e-02, -4.68563996e-02,  7.10243508e-02, -8.12263116e-02,
       -5.25382534e-02,  3.81942466e-02,  2.49819132e-03,  2.04370525e-02,
       -5.57042733e-02, -1.74933933e-02, -1.27479536e-02,  1.25263976e-02,
       -3.79479639e-02, -6.78448975e-02,  1.54298190e-02,  2.55983453e-02,
       -2.35889386e-02, -4.36387658e-02,  3.19777094e-02, -4.94549647e-02,
        3.42841595e-02, -2.42718663e-02, -1.96564128e-03, -2.24759188e-02,
        4.68424298e-02, -3.45375314e-02,  2.65730061e-02,  3.70703153e-02,
        1.02680005e-01, -1.91676279e-03, -6.53488412e-02, -3.57668661e-02,
       -8.31885915e-03, -2.45670862e-02, -1.65792890e-02,  6.09687809e-03,
        3.35082375e-02, -1.88298542e-02,  1.33425808e-02, -1.20796403e-02,
        1.89429641e-01,  4.85709310e-02,  3.34528051e-02,  1.19429026e-02,
        3.54185067e-02, -4.13999474e-03, -1.03295418e-02,  1.39104752e-02,
       -4.90109734e-02,  3.88929397e-02,  2.93437690e-02, -4.04671766e-02,
       -2.11580005e-02,  1.32063851e-02,  3.68765667e-02,  4.15675044e-02,
        1.87349971e-02, -1.24954186e-01, -3.97652872e-02,  6.57439008e-02,
        2.38176691e-03,  1.18283574e-02,  4.56759930e-02, -1.47260046e-02,
       -1.33722844e-02,  2.03125854e-03, -3.62977833e-02,  3.26392427e-03,
        2.45557372e-02,  2.88972189e-03, -2.12631356e-02, -2.69667655e-02,
        8.90271962e-02,  3.30562219e-02, -6.11459427e-02,  5.62073430e-03,
        1.55363260e-02, -3.01101897e-02,  2.66198404e-02,  1.39224827e-02,
       -2.23220848e-02,  9.62599088e-03,  5.03524654e-02, -2.39426121e-02,
       -1.09197618e-02,  4.98407036e-02, -5.35169132e-02, -9.07249190e-03,
        1.76028758e-02, -4.28457446e-02, -8.69198795e-03,  4.91397604e-02,
       -6.66867644e-02,  2.69275494e-02, -8.53751227e-03, -3.15840915e-02,
        4.39303666e-02, -4.15737592e-02, -9.62493755e-03,  9.03582782e-04,
       -1.25574088e-02,  7.23427832e-02,  3.35088558e-02, -1.24101862e-02,
       -6.58577168e-03,  1.36907250e-02, -8.58883560e-02,  3.44323814e-02,
        3.88410352e-02, -5.89022338e-02,  1.73679087e-02,  9.34852436e-02,
        1.57023054e-02, -1.58490185e-02,  9.18666646e-03,  6.06749244e-02,
        1.02651909e-01, -3.01095303e-02, -7.49442447e-03, -2.85927176e-01,
        4.76789549e-02,  4.64902781e-02,  4.79900390e-02, -2.57414416e-03,
        3.85700800e-02,  6.74708486e-02, -1.44416094e-02, -6.27547279e-02,
       -1.00687249e-02,  1.39576616e-02,  3.18894200e-02, -2.92597469e-02,
       -3.53074335e-02,  1.80201903e-02,  3.34034674e-02,  4.26935665e-02,
        3.77137735e-02, -4.17106263e-02, -3.14391963e-02,  2.86459904e-02,
       -3.68417501e-02, -9.72045586e-02, -5.33116348e-02, -6.33386970e-02,
        2.30223462e-02,  2.26260610e-02, -5.34674823e-02, -5.75586408e-03,
        5.34466747e-03, -3.29952501e-02,  3.96721475e-02,  7.24349245e-02,
        4.68504429e-02,  2.54200883e-02, -6.01136684e-02, -3.77971977e-02,
        1.84527151e-02, -1.95223209e-03,  1.28438650e-02, -7.34672099e-02,
        6.15104735e-02, -4.96491753e-02, -6.63486645e-02,  3.44840996e-02,
       -3.47295925e-02,  1.76021513e-02, -4.47432213e-02,  8.63181800e-02,
       -4.37786542e-02, -1.39564304e-02, -3.39270905e-02,  5.67994826e-02,
       -7.30553037e-03,  4.55889944e-03, -6.22570002e-03,  1.59372352e-02,
       -1.60316862e-02,  2.64592469e-02, -2.26154942e-02,  2.98378356e-02,
       -1.46850115e-02, -2.75966208e-02,  9.54469573e-03, -6.41008327e-03,
       -9.27474946e-02, -2.30914671e-02,  3.01725008e-02,  3.04311067e-02,
       -2.13419776e-02, -1.63482577e-02,  5.26074879e-03,  3.33241820e-02,
        2.60015437e-03,  3.25874910e-02, -6.76694140e-03,  3.19744609e-02,
        4.24774773e-02,  4.46221642e-02, -4.09381874e-02, -4.73565534e-02,
       -3.16266567e-02,  1.90938618e-02, -2.32015904e-02,  5.42860739e-02,
       -7.29088008e-01, -4.97450754e-02, -4.55271937e-02, -9.50338226e-03,
       -3.93984616e-02, -4.86470796e-02, -3.25072631e-02, -1.44886924e-02,
        1.61100482e-03, -4.26479690e-02, -7.32100103e-03,  4.11036890e-03,
       -3.82590890e-02, -1.34883551e-02,  4.20600958e-02,  6.64344579e-02],
      dtype=float32)}"
